topic,event_time,cutoff_time,source_type,source_name,url,fact_or_discussion,verification_status,notes
新能源车平均车龄1.8年误读,2026-07-14,2026-07-15 17:31 +08:00,平台热榜,抖音官方热榜,https://www.douyin.com/hot/2571300/,讨论信号,已记录,"约913.7万热度，仅证明在讨论"
新能源车平均车龄1.8年误读,2026-07-14,2026-07-15 17:31 +08:00,媒体核验,经济观察报,https://www.eeo.com.cn/2026/0714/817225.shtml,事实核验,已交叉核验,"转述中汽协澄清和公安部车辆年龄结构数据"
新能源车平均车龄1.8年误读,2026-07-15,2026-07-15 17:31 +08:00,媒体核验,第一财经,https://www.yicai.com/news/102997598.html,事实核验,已交叉核验,"澄清平均车龄不等于使用年限"
新能源车平均车龄1.8年误读,2026-07-14,2026-07-15 17:31 +08:00,媒体核验,新浪财经,https://finance.sina.com.cn/jjxw/2026-07-14/doc-inffmnie8847031.shtml,事实核验,已交叉核验,"中汽协说明口径"
新能源车平均车龄1.8年误读,2026-07-12,2026-07-15 17:31 +08:00,平台笔记,小红书21世纪经济报道,https://www.xiaohongshu.com/explore/6a53013c000000001c0259f1,网友与媒体讨论,仅作讨论源,"201赞、516评；评论质疑口径"
AI拟人化互动服务新规,2026-07-15,2026-07-15 17:31 +08:00,官方文件,国家互联网信息办公室,https://www.cac.gov.cn/2026-04/10/c_1777558395078289.htm,事实核验,已确认,"7月15日起施行"
AI拟人化互动服务新规,2026-07-15,2026-07-15 17:31 +08:00,官方解读,国家互联网信息办公室,https://www.cac.gov.cn/2026-04/10/c_1777558395253901.htm,事实核验,已确认,"解释适用范围和治理重点"
世界杯法国队出局,2026-07-14,2026-07-15 17:31 +08:00,可靠媒体,Reuters,https://www.reuters.com/sports/soccer/france-coach-zidane-reflects-world-cup-defeat-enthralling-semi-final-2026-07-14/,事实核验,待发布前复核,"比赛与金靴榜会继续更新"
未成年人网号网证,2025-07-15,2026-07-15 17:31 +08:00,官方文件,中国政府网,https://www.gov.cn/zhengce/content/202505/content_7022047.htm,事实核验,已确认,"自愿使用，含未成年人规则"
